<?xml version='1.1' encoding='UTF-8'?>
<project>
  <description></description>
  <keepDependencies>false</keepDependencies>
  <properties>
    <com.cloudbees.plugins.deployer.DeployNowJobProperty plugin="deployer-framework@1.1">
      <oneClickDeploy>false</oneClickDeploy>
      <hosts/>
    </com.cloudbees.plugins.deployer.DeployNowJobProperty>
    <org.thoughtslive.jenkins.plugins.hubot.config.HubotJobProperty plugin="hubot-steps@2.0.2">
      <siteNames></siteNames>
      <enableNotifications>false</enableNotifications>
    </org.thoughtslive.jenkins.plugins.hubot.config.HubotJobProperty>
    <com.synopsys.arc.jenkinsci.plugins.jobrestrictions.jobs.JobRestrictionProperty plugin="job-restrictions@0.7"/>
  </properties>
  <scm class="hudson.scm.NullSCM"/>
  <canRoam>true</canRoam>
  <disabled>false</disabled>
  <blockBuildWhenDownstreamBuilding>false</blockBuildWhenDownstreamBuilding>
  <blockBuildWhenUpstreamBuilding>false</blockBuildWhenUpstreamBuilding>
  <triggers/>
  <concurrentBuild>false</concurrentBuild>
  <builders>
    <hudson.tasks.Shell>
      <command>echo &apos;Hello world..!&apos;</command>
    </hudson.tasks.Shell>
  </builders>
  <publishers/>
  <buildWrappers/>
</project>