<?xml version='1.1' encoding='UTF-8'?>
<flow-definition plugin="workflow-job@2.25">
  <description></description>
  <keepDependencies>false</keepDependencies>
  <properties>
    <org.thoughtslive.jenkins.plugins.hubot.config.HubotJobProperty plugin="hubot-steps@2.0.2">
      <siteNames></siteNames>
      <enableNotifications>false</enableNotifications>
    </org.thoughtslive.jenkins.plugins.hubot.config.HubotJobProperty>
    <com.synopsys.arc.jenkinsci.plugins.jobrestrictions.jobs.JobRestrictionProperty plugin="job-restrictions@0.7"/>
  </properties>
  <definition class="org.jenkinsci.plugins.workflow.cps.CpsFlowDefinition" plugin="workflow-cps@2.56">
    <script>
	
pipeline
{
    agent none
    stages 
	{
        stage('Run Tests') 
		{
            parallel 
			{
                stage('Test-1')
				{
                    agent any
                    steps 
					{
                        echo 'ASDF'
                        build job: 'Test-1'
                    }
                }
                stage('Test-2')
				{
                    agent any
                    steps 
					{
                        echo 'ASDF'
                        build job: 'Test-2'
                    }
                }
                stage('Test-3')
				{
                    agent any
                    steps 
					{
                        echo 'ASDF'
                        build job: 'Test-3'
                    }
                }
                stage('Test-4')
				{
                    agent any
                    steps 
					{
                        echo 'ASDF'
                        build job: 'Test-4'
                    }
                }
                stage('Test-5')
				{
                    agent any
                    steps 
					{
                        echo 'ASDF'
                        build job: 'Test-5'
                    }
                }
                stage('Test-6')
				{
                    agent any
                    steps 
					{
                        echo 'ASDF'
                        build job: 'Test-6'
                    }
                }
                stage('Test-7')
				{
                    agent any
                    steps 
					{
                        echo 'ASDF'
                        build job: 'Test-7'
                    }
                }
                stage('Test-8')
				{
                    agent any
                    steps 
					{
                        echo 'ASDF'
                        build job: 'Test-8'
                    }
                }
                stage('Test-9')
				{
                    agent any
                    steps 
					{
                        echo 'ASDF'
                        build job: 'Test-9'
                    }
                }
                stage('Test-10')
				{
                    agent any
                    steps 
					{
                        echo 'ASDF'
                        build job: 'Test-10'
                    }
                }
                stage('Test-11')
				{
                    agent any
                    steps 
					{
                        echo 'ASDF'
                        build job: 'Test-11'
                    }
                }
                stage('Test-12')
				{
                    agent any
                    steps 
					{
                        echo 'ASDF'
                        build job: 'Test-12'
                    }
                }
                stage('Test-13')
				{
                    agent any
                    steps 
					{
                        echo 'ASDF'
                        build job: 'Test-13'
                    }
                }
                stage('Test-14')
				{
                    agent any
                    steps 
					{
                        echo 'ASDF'
                        build job: 'Test-14'
                    }
                }
                stage('Test-15')
				{
                    agent any
                    steps 
					{
                        echo 'ASDF'
                        build job: 'Test-15'
                    }
                }
                stage('Test-16')
				{
                    agent any
                    steps 
					{
                        echo 'ASDF'
                        build job: 'Test-16'
                    }
                }
                stage('Test-17')
				{
                    agent any
                    steps 
					{
                        echo 'ASDF'
                        build job: 'Test-17'
                    }
                }
                stage('Test-18')
				{
                    agent any
                    steps 
					{
                        echo 'ASDF'
                        build job: 'Test-18'
                    }
                }
                stage('Test-19')
				{
                    agent any
                    steps 
					{
                        echo 'ASDF'
                        build job: 'Test-19'
                    }
                }
                stage('Test-20')
				{
                    agent any
                    steps 
					{
                        echo 'ASDF'
                        build job: 'Test-20'
                    }
                }
                stage('Test-21')
				{
                    agent any
                    steps 
					{
                        echo 'ASDF'
                        build job: 'Test-21'
                    }
                }
                stage('Test-22')
				{
                    agent any
                    steps 
					{
                        echo 'ASDF'
                        build job: 'Test-22'
                    }
                }
                stage('Test-23')
				{
                    agent any
                    steps 
					{
                        echo 'ASDF'
                        build job: 'Test-23'
                    }
                }
                stage('Test-24')
				{
                    agent any
                    steps 
					{
                        echo 'ASDF'
                        build job: 'Test-24'
                    }
                }
                stage('Test-25')
				{
                    agent any
                    steps 
					{
                        echo 'ASDF'
                        build job: 'Test-25'
                    }
                }
                stage('Test-26')
				{
                    agent any
                    steps 
					{
                        echo 'ASDF'
                        build job: 'Test-26'
                    }
                }
                stage('Test-27')
				{
                    agent any
                    steps 
					{
                        echo 'ASDF'
                        build job: 'Test-27'
                    }
                }
                stage('Test-28')
				{
                    agent any
                    steps 
					{
                        echo 'ASDF'
                        build job: 'Test-28'
                    }
                }
                stage('Test-29')
				{
                    agent any
                    steps 
					{
                        echo 'ASDF'
                        build job: 'Test-29'
                    }
                }
                stage('Test-30')
				{
                    agent any
                    steps 
					{
                        echo 'ASDF'
                        build job: 'Test-30'
                    }
                }
                stage('Test-31')
				{
                    agent any
                    steps 
					{
                        echo 'ASDF'
                        build job: 'Test-31'
                    }
                }
                stage('Test-32')
				{
                    agent any
                    steps 
					{
                        echo 'ASDF'
                        build job: 'Test-32'
                    }
                }
                stage('Test-33')
				{
                    agent any
                    steps 
					{
                        echo 'ASDF'
                        build job: 'Test-33'
                    }
                }
                stage('Test-34')
				{
                    agent any
                    steps 
					{
                        echo 'ASDF'
                        build job: 'Test-34'
                    }
                }
                stage('Test-35')
				{
                    agent any
                    steps 
					{
                        echo 'ASDF'
                        build job: 'Test-35'
                    }
                }
                stage('Test-36')
				{
                    agent any
                    steps 
					{
                        echo 'ASDF'
                        build job: 'Test-36'
                    }
                }
                stage('Test-37')
				{
                    agent any
                    steps 
					{
                        echo 'ASDF'
                        build job: 'Test-37'
                    }
                }
                stage('Test-38')
				{
                    agent any
                    steps 
					{
                        echo 'ASDF'
                        build job: 'Test-38'
                    }
                }
                stage('Test-39')
				{
                    agent any
                    steps 
					{
                        echo 'ASDF'
                        build job: 'Test-39'
                    }
                }
                stage('Test-40')
				{
                    agent any
                    steps 
					{
                        echo 'ASDF'
                        build job: 'Test-40'
                    }
                }
                stage('Test-41')
				{
                    agent any
                    steps 
					{
                        echo 'ASDF'
                        build job: 'Test-41'
                    }
                }
                stage('Test-42')
				{
                    agent any
                    steps 
					{
                        echo 'ASDF'
                        build job: 'Test-42'
                    }
                }
                stage('Test-43')
				{
                    agent any
                    steps 
					{
                        echo 'ASDF'
                        build job: 'Test-43'
                    }
                }
                stage('Test-44')
				{
                    agent any
                    steps 
					{
                        echo 'ASDF'
                        build job: 'Test-44'
                    }
                }
                stage('Test-45')
				{
                    agent any
                    steps 
					{
                        echo 'ASDF'
                        build job: 'Test-45'
                    }
                }
                stage('Test-46')
				{
                    agent any
                    steps 
					{
                        echo 'ASDF'
                        build job: 'Test-46'
                    }
                }
                stage('Test-47')
				{
                    agent any
                    steps 
					{
                        echo 'ASDF'
                        build job: 'Test-47'
                    }
                }
                stage('Test-48')
				{
                    agent any
                    steps 
					{
                        echo 'ASDF'
                        build job: 'Test-48'
                    }
                }
                stage('Test-49')
				{
                    agent any
                    steps 
					{
                        echo 'ASDF'
                        build job: 'Test-49'
                    }
                }
                stage('Test-50')
				{
                    agent any
                    steps 
					{
                        echo 'ASDF'
                        build job: 'Test-50'
                    }
                }
                stage('Test-51')
				{
                    agent any
                    steps 
					{
                        echo 'ASDF'
                        build job: 'Test-51'
                    }
                }
                stage('Test-52')
				{
                    agent any
                    steps 
					{
                        echo 'ASDF'
                        build job: 'Test-52'
                    }
                }
                stage('Test-53')
				{
                    agent any
                    steps 
					{
                        echo 'ASDF'
                        build job: 'Test-53'
                    }
                }
                stage('Test-54')
				{
                    agent any
                    steps 
					{
                        echo 'ASDF'
                        build job: 'Test-54'
                    }
                }
                stage('Test-55')
				{
                    agent any
                    steps 
					{
                        echo 'ASDF'
                        build job: 'Test-55'
                    }
                }
                stage('Test-56')
				{
                    agent any
                    steps 
					{
                        echo 'ASDF'
                        build job: 'Test-56'
                    }
                }
                stage('Test-57')
				{
                    agent any
                    steps 
					{
                        echo 'ASDF'
                        build job: 'Test-57'
                    }
                }
                stage('Test-58')
				{
                    agent any
                    steps 
					{
                        echo 'ASDF'
                        build job: 'Test-58'
                    }
                }
                stage('Test-59')
				{
                    agent any
                    steps 
					{
                        echo 'ASDF'
                        build job: 'Test-59'
                    }
                }
                stage('Test-60')
				{
                    agent any
                    steps 
					{
                        echo 'ASDF'
                        build job: 'Test-60'
                    }
                }
                stage('Test-61')
				{
                    agent any
                    steps 
					{
                        echo 'ASDF'
                        build job: 'Test-61'
                    }
                }
                stage('Test-62')
				{
                    agent any
                    steps 
					{
                        echo 'ASDF'
                        build job: 'Test-62'
                    }
                }
                stage('Test-63')
				{
                    agent any
                    steps 
					{
                        echo 'ASDF'
                        build job: 'Test-63'
                    }
                }
                stage('Test-64')
				{
                    agent any
                    steps 
					{
                        echo 'ASDF'
                        build job: 'Test-64'
                    }
                }
                stage('Test-65')
				{
                    agent any
                    steps 
					{
                        echo 'ASDF'
                        build job: 'Test-65'
                    }
                }
                stage('Test-66')
				{
                    agent any
                    steps 
					{
                        echo 'ASDF'
                        build job: 'Test-66'
                    }
                }
                stage('Test-67')
				{
                    agent any
                    steps 
					{
                        echo 'ASDF'
                        build job: 'Test-67'
                    }
                }
                stage('Test-68')
				{
                    agent any
                    steps 
					{
                        echo 'ASDF'
                        build job: 'Test-68'
                    }
                }
                stage('Test-69')
				{
                    agent any
                    steps 
					{
                        echo 'ASDF'
                        build job: 'Test-69'
                    }
                }
                stage('Test-70')
				{
                    agent any
                    steps 
					{
                        echo 'ASDF'
                        build job: 'Test-70'
                    }
                }
                stage('Test-71')
				{
                    agent any
                    steps 
					{
                        echo 'ASDF'
                        build job: 'Test-71'
                    }
                }
                stage('Test-72')
				{
                    agent any
                    steps 
					{
                        echo 'ASDF'
                        build job: 'Test-72'
                    }
                }
                stage('Test-73')
				{
                    agent any
                    steps 
					{
                        echo 'ASDF'
                        build job: 'Test-73'
                    }
                }
                stage('Test-74')
				{
                    agent any
                    steps 
					{
                        echo 'ASDF'
                        build job: 'Test-74'
                    }
                }
                stage('Test-75')
				{
                    agent any
                    steps 
					{
                        echo 'ASDF'
                        build job: 'Test-75'
                    }
                }
                stage('Test-76')
				{
                    agent any
                    steps 
					{
                        echo 'ASDF'
                        build job: 'Test-76'
                    }
                }
                stage('Test-77')
				{
                    agent any
                    steps 
					{
                        echo 'ASDF'
                        build job: 'Test-77'
                    }
                }
                stage('Test-78')
				{
                    agent any
                    steps 
					{
                        echo 'ASDF'
                        build job: 'Test-78'
                    }
                }
                stage('Test-79')
				{
                    agent any
                    steps 
					{
                        echo 'ASDF'
                        build job: 'Test-79'
                    }
                }
                stage('Test-80')
				{
                    agent any
                    steps 
					{
                        echo 'ASDF'
                        build job: 'Test-80'
                    }
                }
                stage('Test-81')
				{
                    agent any
                    steps 
					{
                        echo 'ASDF'
                        build job: 'Test-81'
                    }
                }
                stage('Test-82')
				{
                    agent any
                    steps 
					{
                        echo 'ASDF'
                        build job: 'Test-82'
                    }
                }
                stage('Test-83')
				{
                    agent any
                    steps 
					{
                        echo 'ASDF'
                        build job: 'Test-83'
                    }
                }
                stage('Test-84')
				{
                    agent any
                    steps 
					{
                        echo 'ASDF'
                        build job: 'Test-84'
                    }
                }
                stage('Test-85')
				{
                    agent any
                    steps 
					{
                        echo 'ASDF'
                        build job: 'Test-85'
                    }
                }
                stage('Test-86')
				{
                    agent any
                    steps 
					{
                        echo 'ASDF'
                        build job: 'Test-86'
                    }
                }
                stage('Test-87')
				{
                    agent any
                    steps 
					{
                        echo 'ASDF'
                        build job: 'Test-87'
                    }
                }
                stage('Test-88')
				{
                    agent any
                    steps 
					{
                        echo 'ASDF'
                        build job: 'Test-88'
                    }
                }
                stage('Test-89')
				{
                    agent any
                    steps 
					{
                        echo 'ASDF'
                        build job: 'Test-89'
                    }
                }
                stage('Test-90')
				{
                    agent any
                    steps 
					{
                        echo 'ASDF'
                        build job: 'Test-90'
                    }
                }
                stage('Test-91')
				{
                    agent any
                    steps 
					{
                        echo 'ASDF'
                        build job: 'Test-91'
                    }
                }
                stage('Test-92')
				{
                    agent any
                    steps 
					{
                        echo 'ASDF'
                        build job: 'Test-92'
                    }
                }
                stage('Test-93')
				{
                    agent any
                    steps 
					{
                        echo 'ASDF'
                        build job: 'Test-93'
                    }
                }
                stage('Test-94')
				{
                    agent any
                    steps 
					{
                        echo 'ASDF'
                        build job: 'Test-94'
                    }
                }
                stage('Test-95')
				{
                    agent any
                    steps 
					{
                        echo 'ASDF'
                        build job: 'Test-95'
                    }
                }
			}
        }
    }
}

</script>
    <sandbox>true</sandbox>
  </definition>
  <triggers/>
  <disabled>false</disabled>
</flow-definition>

