<?xml version='1.1' encoding='UTF-8'?>
<flow-definition plugin="workflow-job@2.25">
  <description></description>
  <keepDependencies>false</keepDependencies>
  <properties>
    <org.thoughtslive.jenkins.plugins.hubot.config.HubotJobProperty plugin="hubot-steps@2.0.2">
      <siteNames></siteNames>
      <enableNotifications>false</enableNotifications>
    </org.thoughtslive.jenkins.plugins.hubot.config.HubotJobProperty>
    <com.synopsys.arc.jenkinsci.plugins.jobrestrictions.jobs.JobRestrictionProperty plugin="job-restrictions@0.7"/>
  </properties>
  <definition class="org.jenkinsci.plugins.workflow.cps.CpsFlowDefinition" plugin="workflow-cps@2.56">
    <script>
	
