<?xml version='1.1' encoding='UTF-8'?>
<flow-definition plugin="workflow-job@2.25">
  <description></description>
  <keepDependencies>false</keepDependencies>
  <properties>
    <org.thoughtslive.jenkins.plugins.hubot.config.HubotJobProperty plugin="hubot-steps@2.0.2">
      <siteNames></siteNames>
      <enableNotifications>false</enableNotifications>
    </org.thoughtslive.jenkins.plugins.hubot.config.HubotJobProperty>
    <com.synopsys.arc.jenkinsci.plugins.jobrestrictions.jobs.JobRestrictionProperty plugin="job-restrictions@0.7"/>
  </properties>
  <definition class="org.jenkinsci.plugins.workflow.cps.CpsFlowDefinition" plugin="workflow-cps@2.55">
    <script>def label = &quot;agents-${UUID.randomUUID().toString()}&quot;
podTemplate(label: label, yaml: &quot;&quot;&quot;
apiVersion: v1
kind: Pod
metadata:
  labels:
    label: agents

spec:

  containers:
  - name: maven
    image: maven:3.5.4-jdk-8
    command:
    - cat
    tty: true
  - name: docker
    image: docker
    command:
    - cat
    tty: true
  - name: kubectl
    image: lachlanevenson/k8s-kubectl:v1.8.8
    command:
    - cat
    tty: true
&quot;&quot;&quot;
) {
    node (label) {
      container(&apos;maven&apos;) {
        sh &quot;hostname&quot;
      }
    }
}
</script>
    <sandbox>true</sandbox>
  </definition>
  <triggers/>
  <disabled>false</disabled>
</flow-definition>